cdm_id,orig_id,file_name
000598,4cc5744a14d8a07414760b271c1801c670149f68,48.json
000348,25a52d1de3a385d6d1405272f7dff0813fcd3b2d,62.json
000886,996940764a066a9c16f622c873ad041ac5521fa3,79.json
000181,f8e429a6906f299a0925f6d70e2570834a7b8dc6,86.json
000011,646cba2e8b30945a2079ec4c671740d5db5676e2,94.json
000822,cc86a588b4e4e038e2591c363b4b895e46edbeda,102.json
000328,84dabfdd73c25b81b7ea0ce23e74638cc6c559ce,119.json
000610,3fbdee096ce9d027da681c5f9c89eb319ff21a9f,158.json
000332,f97b9b19e5a90dce0fc0b098f2a7f70ec36445fb,167.json
000252,1c26bc664022ab5ffb8bca0d077c5d72cac7976f,195.json
000469,72610cfcc7b8bc1e90a08d8cac4f7b53a1e1389b,197.json
000237,375a61863b8873566c75e13630cd9ce9d21f3246,213.json
000985,1514bbfb012abc67c499be84929aa07ddbd59b09,221.json
001038,88c2481234e763c9bbc68d0ab1be1d2375c1349a,230.json
000609,a9f0d9f04f7244eeb27797bd7c45e2a224c2d32f,261.json
000289,540fc636957b4d049d6b4f07ae72c1b3be6ec020,310.json
000019,d85ecb8f44efd363c3d288e7b2befed43b6cc4ac,315.json
000434,54885ae2f80774083a4489cf39c0526d7a2c285f,421.json
000156,2beb3c90dd9c2fe8288f352b6b973b5a0b5dd0dc,432.json
000470,d8ede010d14e6aced953eb7154aa9bbaab7f7e6a,458.json
000910,bf10dc849e5fa7325df269c2b28fcefebb5c956c,504.json
000035,02fbe00a8ca19dbd1ddc989bde8f387e1ea34848,537.json
000813,4b4fa926e45ba654ed6f04598f19499efe3e4c62,556.json
000188,5c99ac4a71d8ede819a8c6003efb179ae37e7b6a,575.json
000378,76726c50778f7c34c359a7c01408e2150b6d3fe0,610.json
000973,1f4aaf00cad1c6272240bd109fd34201b92a0937,639.json
000601,39248d8dcd0c46f96c1c8cf0aced445e13edee99,642.json
000256,1275cdbe17c24e1236d534698613deed31f4bb94,741.json
001063,acfdfe9805bc4cc618561d9814b2231bb2023245,743.json
000293,b8803c87ad83ffc194b4161bfcdd6e9584e7d653,745.json
000043,243729c2c4dc788d36436316da3e24ffff596f71,746.json
000850,4995c1ac8c16b2cbb1cec77f721e2c4011c5d43f,747.json
000214,656a6253699073f08fdb5f65bc3daaafbc35d65b,748.json
000586,8c2f38ff2f1e64fa49665feb36b57e3b2f100a7f,754.json
000631,26feceabd2eecfd0df3ce5971c9809112af71011,758.json
000071,cf38baea64d8984e49ae7964a9820dbd35effce8,768.json
001018,8e94c02e765221aff188fb9bb10bd9a60435ef7c,771.json
000521,65a6e45ea6b2aaadc7c1a2a98b5e322d318aa9e4,781.json
000369,7488fc076e2f244e1c6b9397f66895c184b7aa93,812.json
000448,bec6f91e6dd9864cca047a49bb4d970a089d0a19,819.json
000937,eec44c85102f50e2c93e77b7f9559bb0ece3174e,866.json
000346,97b08731b49487ff25cfcdfccd5a2df6ce1629d4,874.json
000603,a708d1f32b69728b212b7cbf73c29d6b2859e066,884.json
000730,0ad6e0e18918f8ea0c33ac3f4b07f791bfc5929b,893.json
000298,d8017847e5e0fc4e8a8884d603106eea482cb8dc,895.json
000165,96f8964073da222537a7e3432c6186631605d855,902.json
000433,e7e61e9871b891d0a4f7e609cf326b767b7786f9,903.json
000618,88441c8916cb9da4842b747d4df4a8e8f5336f76,932.json
000548,ff08c2796456bf6b42dc8ddda12bd121c6de1437,1021.json
000997,ff9b77ea763eca04aee06b7b4299cbe4aafbb396,1039.json
000815,1027d076dbb423b90447f6f3f8315610aefd682c,1044.json
000108,d271522927ac3d951352743a9219d16e168b8755,1046.json
000671,ebccdbf5779c2d3fa7180747e333dde756aa62fb,1058.json
000792,ca6acd8048ea4dcac27f4766490e32e8161bfc80,1085.json
008116,9a8ab678b2ea98d7b9d42111ab929d3b1e196b52,1110.json
009623,644091bb4cffe45f458487a5a79433c3c120ed24,1193.json
005171,43d8b81b4f6fe35283fb14fa684cfdda0e1af96a,1258.json
006839,610bbd6322594ad14edd37c99f02139835822d6b,1264.json
006299,47d994a60c1a12b9ec70b3d8f521dee8c46577aa,1272.json
001116,cf3d65990918b2ef4de015fc45a988ea2199cb61,1287.json
004916,005ed40b1c58766a61e37d23bf10f8ce81ef6295,1293.json
002288,c85f506937c58a9c2d0b01a8f4d3ba8bc9dba746,1311.json
005488,f58b35b5e1aa6195dee9a1ba51f0144585a5d465,1317.json
008249,3f7f5a3d0d19d6b8aaa91d9b3c10d7ab2a722873,1423.json
007049,9b5ec1bf91a4176492fe684c74921cfe7337b192,1444.json
007021,5bfb2fc75f285365d193dd6ad8ddd2eb047dcdf1,1452.json
009377,74511f36c8359759ac034d05b6cdb6f1614ec18a,1516.json
004110,49d785679ac825d46b9f611fc91661ee96fd113e,1551.json
008283,555a012d93e295242f3847013e27986cff01c72e,1582.json
005877,ad547182bede0194539e701796817ab52ffe8ab0,1588.json
003965,ad3e59747fbd8d4923ef8ec0b8fd89658f19f025,1596.json
011192,887285ae19cdfad69537da854fa89690f10a6181,1612.json
003000,29f1ed8fab7ae733253fb22447f959fa09af68a0,1677.json
011062,636494a6269212efd26632268b5f6cdc35f6ecff,1697.json
004077,54361733464f8aa0d7e98f12a3ff312dea217be0,1709.json
006586,438badb14573981f6c0ba0e20bcd5df7feb57456,1717.json
009781,9ab2254d2f029763b9993d7274d3d7e76e325e12,1739.json
003457,db17a30e9c261bf6616ed04b0dccec8f8daa237c,1802.json
010340,a774a02ca23678faf6de6365f6ea2f58a914370b,1845.json
001729,0eeb762788ef0d6b969464f698fe85cbc9153bab,1852.json
010963,1165c4e11a63658d0d9534acf15f2b883aa805be,1860.json
001374,e1502ae8cb04cbdceee368551cfd65bcf6a16f07,1861.json
003891,b464d11c18c83a631d3da0213b3a35d75fea1bfc,1867.json
009266,fa4375b1bf0a852915f6f679840cf069bb27fa16,1945.json
006833,e1dc06aa877f2285b915edd80419aaab216add47,1969.json
011111,7d686f233d2ecfdaa2b07648865f8c8d02f1f0c3,2000.json
002453,914426ad0a1635dfb8c7b1084c316ff25ecdc713,2011.json
004682,2265e46648ca9023f605995ba8f6ce36fd42f64e,2030.json
002451,5fd91f7baa29d6ff671ac18a84902f975fb615e0,2097.json
002036,36208771a6fd230439b46808efc1540a5b29013b,2122.json
002657,3ddeecdbffe399977513f115b02fc3d1305f9119,2123.json
003884,c9f6172f35ada31b8c21f1ac6eae995ab2556764,2137.json
004820,5683958ee5cd3378a903c549ddc2f03c88fa1b6f,2160.json
005681,35d650e1395d19c8c1deac67a7d8de9400881242,2169.json
004909,354b6a2172321e7c3eafc858939812ce4bef34be,2213.json
003899,bcc900e93edd47fa6565f5abb147b5bc6d4562a7,2214.json
001434,e639768d5455abd1bee5e7f135c89116cf349e32,2233.json
002731,ef7595a46d211477ea7dfee79b14452d59ae0ecb,2234.json
007083,c321a5cb60d43f44196f87da2b6da15670895fce,2235.json
001603,a53a29a76dbef63ad1b08701ead69a35118b1c5e,2248.json
006380,df0e4321f79c83fe751944b8e861009f7ce7c7a6,2285.json
003348,4f8a4d0b296d7b9c756fdcf5e96e614100cbac0e,2295.json
002514,ec99cf4582e4127af90d13cd37b43ef8b91fa613,2393.json
002175,91db6c54d05c1ea40b658173179adb91918d8230,2401.json
004313,450f021f46f61a71603748dacc073269052466d3,2414.json
008179,1cf51b0ccd0e8fac874485e4649ad274acbd85e0,2470.json
004073,2763775a1716126fc7b6dd9acaa5b8b28e98d9d2,2531.json
008427,acc5233e2fb0b08bddb6d0975c32f0de484bcf6c,2542.json
003167,13d43ed67683871579f94b3ac3a14ee98f8a981e,2544.json
007555,a8ef8a97aa6f7e2f53b2a01c0947b47b25acbf27,2553.json
008591,d361dc1da208180197d8653e8e7cad32adb89e30,2560.json
005739,316c4afb5205a1ac1eb55b4c0286b2d56682bfca,2561.json
010126,4e0259bc8719e23ae82fb54f1c3d39f639c11522,2577.json
006225,ebfac1b23a9ed210b8229e43f53b85336434f5af,2583.json
007847,d45cc4ede2b9cf848cb992760144785f0fb83a86,2597.json
005825,244a953502e1242118135c2bf8ce30755a4474c9,2625.json
008821,8912753db552873f0fb37ab0e2afd1e93d7ef82c,2636.json
002755,e75d20a454261ca9b2acd2bc128fa3f71261b91e,2637.json
005912,5b17224be88cb23f0db648f3c64a844c0a2109f0,2646.json
001535,99f2a85a8493ce752e0948444393655c68a46c62,2750.json
006971,efffd3f0f47f9a01c40096af51dc3680025feaf6,2763.json
003544,507b1ef55f185bf36612ae90b802d1005668dfda,2766.json
002184,4e9ba870413b62a5aafd41c2a2ad2cff7b237660,2769.json
004955,3600815b6a8c61a1e0c08a91b26ad672eec5f501,2780.json
002926,d18e949068ef637ea1a87e0116a1d2fcd2a0e02a,2795.json
008931,486a2ea4a2f5de800b56146cee476af6d9263b3c,2821.json
006568,8ef70b0ec3bf4c39ec02fe8a466c880966997bf5,2847.json
009715,55b8192b89cc583be35365ef817c5ed5e4a64313,2931.json
001708,6fc575ee0607aaf47de696be314d9e8d1ac56274,2944.json
009262,3755dc8a8e099438b83a6ef171cdd7161670593f,2963.json
004608,f6e6d3612172248e973574d360c7b944ea71057e,2967.json
003483,f7163030d70084463ef822e4f7f87dd067ca7514,2983.json
006354,5080147c31cc6633e44594b45b3dc865a031ec43,3021.json
001967,237e0479a4f0fe4586648148d7369201ea3cb8ed,3025.json
010990,1b96b86f30defc8ec66478d31d3d609875687782,3026.json
010116,2e99086c03060d06e5a0fe7036c2a1c7dee960e3,3042.json
010270,eda6612e304b5afded427bdb24507a026f5216c2,3058.json
004893,dfa8f6fdcda82bd7e8b96de6fa0de9b5f88d4a24,3092.json
008771,3aca21d4680138489a16274e4c31ecff4a5a1105,3117.json
003748,130ff8f2dfb6ab67861d5924b0ff5acd63c7d8ce,3134.json
009933,2e5ca2fc5c7fe1b0b1386300623ea7a74a2418ad,3185.json
003020,f8f0f9156c0aa6cfe7bb05df486b09f757902daf,3191.json
007012,1b152e3fe8719cd2203d24131a2c32bbdfd28b3b,3193.json
007433,6e2bedb305234ab3499ed61678995e72b8b6ef19,3234.json
010757,714b475179f0bb275a588e1db2ab3d958c96bdd3,3252.json
004620,edd03985da66593982269e9e0216b4a5d88158da,1889.json
004413,5bf656b9bc77d95d009faa17ea8cee6abf64b5d1,3273.json
010549,770632d80b678acca3728f60f825dfb2bec9680f,3290.json
004362,0b28e80e1385a5bd7b93d7157d613825062707f2,3342.json
008123,00bc225b0d2dda94d54df0121f9b5aff4c8f2f43,3346.json
002177,03360f0a80dac6c44abd1dd6cf26f0c741a69084,3351.json
009045,9261eec573a7da51a1aa6c26de9f92eef712f3c4,3374.json
006959,fdd2a2a72030d35ef00321687ab7901cddcd1c1f,3404.json
005233,6c4236af410dcbd28df259f151bd8f87c8acb93c,3409.json
010225,8bc8f134bc3ceaeec0df8f29e96e13d319717ab8,3413.json
007598,d4c0db0658d0e73b157d30a01fdc885ee4c784c1,3446.json
001404,1cb63a1c243aa99a83569985dfe49f09ab7792eb,3496.json
006094,009c2e265f3ed090d6e0a7afbe426dcf1f828558,3511.json
002019,26f95a87eaf21f6b5bb0ee5c769f502f96335d08,3516.json
004238,aa8ef2de0b4316d40b5cea661da4c43aa67f98df,3526.json
002915,a6e9fdf6c566b2de55a47dfabeaa8f78d8d66862,3550.json
010899,55e2a44a2be0a1ae427cd91b2dc9dfe7b0068774,3553.json
005023,398d3659c24ce1cb878a273bf82b8c6277e74170,3581.json
010804,f0db6a38a3d125d77f84cd4089833408b5cf35a4,3586.json
010770,79c8c2925651b57c8c802dc96a1f87877b1c765d,3594.json
008625,b0ec18e9e7ab4bf54e795d5efe5e4e6b8958d225,3608.json
003784,627b10527ee809c796f006bcfc8b604126ca79f9,3657.json
010562,2d708cae94651ff3bf5163f65ae09a026077b23f,3725.json
009925,bee849faa3d8ffce13846f34218f2395b363afc2,3727.json
006823,f90198b65cb2366fd648d791277d4b763a89cc69,3773.json
006964,7c05fca16583c3a1e3ef2c709ecc0b2ff3747710,3799.json
002244,74e204d17406b0bfb69ae91384c838318ac797ff,3820.json
011133,788b8b631330e5ed1ff937aaaf3958bc62f6dac5,3885.json
004606,0f8f8ee25b2647e573f8b27aecf15e92f032e59a,3893.json
004940,c6dad9c1831f99a96ea5701f2ff30afcf7647e14,3906.json
005932,fffbf6afa354e1e650c2cd81a031b82d24019f74,3915.json
008981,44db0fe436300a31706ca35322c2d11bbefd9ba1,3949.json
006372,e53ed6416dcd4e49225a8a6bf1a1b2e4340e9d73,3969.json
006588,5871b2ec5d6d79e202b9e5750b27991004dfc37f,4009.json
008331,a876d1203c07756d5f5fb64dfb9637540d308835,4021.json
004564,ece80b926a37ec20d06e8e4fc4886d37f60002de,4051.json
005733,7f629db35040e2258f1d55c27ae262d7c80c63c8,4053.json
003227,47681f33b383d3000a13cff5c5429771204619ed,4069.json
003022,0afbb8c4ee8bb45123fdeeebc91a8f6ddba3d908,4074.json
009741,f8024be675d7b24af2a6a445aed69c818aa04f56,4078.json
009000,837100445678eab0e3bddcc210ba60606c2e3f55,4093.json
010317,f9da280694c7500639f0f4cc4e5924ab263045e7,4108.json
001698,c7bf570ff6ff7e5a0b0a4d91429b0199a727871c,4126.json
001811,b64cb47dfbd382815b23ee6efbed86a979b6544e,4144.json
005188,b95e9ccdc9cc0d3f37b6821efc776ad739e1ad94,4145.json
009987,8dcba6ca5858831c4f13f18bfac5f39202242a4d,4152.json
003956,a3a07d7a5721f4c907a832fc9cd704bbf7a79ee0,4161.json
001858,b35b8542044407fa11ac6673daa4efa501bbeec4,4182.json
005411,3074bd292f4c218ac90b24e703944365bf1088a0,4189.json
006167,2f9088e42dee8ab065c50df78011ec184cef1c2b,4209.json
004237,1981f3ea858d585658c37f0393496969242922be,4221.json
011241,86e7356abd0e7026469c8c87a6e184f406b441f5,4222.json
006213,fa617eacadbf4badaebf8ce435e5cd632b927c81,4235.json
009456,9c019b7cf83b4bb8e61e12ac7bf9229a8093a0be,4239.json
002727,fc3c6dc7f1046c6977969184d68948134bd6a1fe,4250.json
007452,3afd0954452015f34682e92b9f5539357b832135,4276.json
009017,11d0237461ea46d94f6fcabb3a363181711c2485,4284.json
003519,a42634e4caf3afe9b8f43bd346454498c90eb832,4288.json
003905,dba3dff6aa25be6009569a5ef0397491ca30b0e7,4298.json
002645,dcc68ce2766c03078026dddf17503f699f099e94,4300.json
009466,2d75b7acb5132a5a991dd7b6bde4ab1a528301ed,4304.json
002085,05b51bb314083493eee36b4fb6b7a15b781019c3,4306.json
004382,73d15ca383983d92e740dc39dbac64e4a10c446c,4312.json
011115,ceb2730adf0ba36deac6ba19a439bc6778102019,4315.json
010557,a2ae3a6627b62bade5a5ac3c36cff28a93d22078,4317.json
009032,34ef1a8f84810dab91f58f581805084c9f46ee7f,4319.json
002724,482db68864f81cc718e07cc74652c08d7e59a71f,4344.json
009998,adcf5f5ab4c2a09f3dbd7210cd2627e8c6eb812b,4363.json
006198,e9bcc1c3b5d1e68836908c23f044965b1debf725,4380.json
008441,834472818cb0e94b8926a0282e695c3bc4f96a29,4420.json
004055,ea88fe1fa50cc94fd6921c9f02cb952e380ee823,4426.json
001152,9da662be70190b8c1f363b758f9a19fb829f9624,4434.json
008333,c0f261899fbca23b41a51aae73799d96a5f13e41,4448.json
010793,32929efe03c62b8ef20f0e77d7bc563936ddf538,4487.json
007473,9b669b6b76140de3fa14987bbbba7c15242752ce,4503.json
010094,070457cae4b46b95455d383b07d5d156591dd646,4581.json
010393,fc8236aabf1efe492765f7004bfc381594f87f13,4620.json
006694,63ec432e046fe48a74720d840314a25cb142497a,4644.json
003854,caef1cd04bcdd75d4f219bd88ca76ff7aa7b23e0,4653.json
004838,d721bfcc30c2f4f4dff39b8d8836823d3df137a5,4660.json
001253,fbf12fdbf6cd69bca8c31cb348b428fd49b73320,4682.json
002509,7b2bdb7e1889855c7be1a8dcc4e65ac991f9d613,4688.json
008901,cfe3a196f27bca51fb3027113eed31644919d0fb,4699.json
008310,e4e79f641f3145e4fddfdf902c921e01ae6a9a1b,4701.json
006585,6d580f4aef62c5fa5cf69695f06b7d22a364e44f,4712.json
008790,0e6dd3f40daaff5c14f0a34ba75e9f05c40a55c8,4714.json
002682,d4c17841ba2c8d371bf0b7212ba1014a59fda8dd,4743.json
001208,acaf7fe625de73b3a05adde783a323708b1329c7,4759.json
011289,8c1aafeed46aeec08b896076d31317dc0e163ddd,4765.json
007034,bde684823a5e78fe3c7a21e72c3789f52acfdaf4,4766.json
009904,e33afe5e06887172ff1eeeb279b994d4011f2a41,4776.json
010853,009ed61d0ae530410e72112c7f172109aecc26e7,4779.json
010418,81480a5be4170caf513a95f7d45b8535f7e4034a,4813.json
005431,efdda37a28b778f2c3b255ae488682b2eb4090a0,4826.json
002310,4c0120e51fcc85ae17b9ae8dc0f1ac7af8ca1d3f,4854.json
004374,8d9a1bf3246671d0a50d2e4ce430123bc58d2ba4,4857.json
001923,57db4a92363e334270a53503596107c1ba428530,4874.json
001577,10afd08e8036240e6482e22e3c2d3baffbc256b7,4881.json
011411,e8b93366b9c9c5bf4409dc1f8064122063ccd4ca,4915.json
011214,d34233997a6d71174a09a8d8001ec64468a2f640,4960.json
007778,f0bd5a851d3b2c67e0a98c5b5baf0f02f15ca55c,4993.json
002512,97e884033473af9e49abf12584444ae3770d593e,5003.json
007591,23ca0c8e34d21a1e82c68dd8653e8b98790532f4,5015.json
003188,0d1d6284061a99cb2478ecb4b490e4605698ec3e,5017.json
007323,99c747822fe779b0c65db5d08e4157142241ae42,5024.json
006089,086d954213948fa187957bc981819b5c40fe1943,5036.json
008159,cbdf9cd00f6004cd18f525c2eeabef917724ca51,5072.json
008266,7b04cc52b77012685240030bc738a1fee0e81586,5076.json
003550,9c30a76f046a220cd3db6393ace42ff1b507f455,5080.json
006468,8d06f813a90fa2f956737d8a86d02759c17f22aa,5082.json
004106,77bd40f3dcee8898f22a2d5cc782b2a077bd726a,5089.json
008150,35b061a74f06747135e4447859c4ccd95ba4cb2b,5096.json
002600,a35a903b6e6efff8d07accf49e441d7a1fca9d0a,5097.json
008107,a9f3206a6be70aef80fa395eb58e18ed77053d55,5109.json
006798,6054e90ab506e218f669a16b5526cadbafea698c,5116.json
006267,a22b779300a2a77f6bc6e04073b8383aeb9f3229,5121.json
009738,8a1c6030b595fd050577d367d2c09959e7f6abc2,5137.json
003080,c51997e99c311dca4b7027b569eab1a121c9e7df,5177.json
001972,c11e656ad31a4f14b0d276290a757a0da6a73ba4,5190.json
001682,d4fcbc8508a962e498784ac9a17d426a32a1fdc4,5229.json
004867,d82061dfdd1972f25b7901c7f9efda97b117c961,5258.json
006572,89a4dc4842d3a41d5ef86b6d7235936dda9234dd,5264.json
005675,8c5061f8e34563b86905718992ce6f30f05b42d7,5267.json
001992,0af5c45debab891f7588639cff0a73c5759f395e,5283.json
007681,63b642d8ef28195623c688424a8481525ba342f0,5294.json
009693,35809260f07fd71f3d31e3634aea4ea6d2239114,5308.json
010028,b5bfaaab1a91d4b54e42716e1a73e0a045fca9ed,5317.json
009654,1d466233a8531dfb891fe1862672f603cbc80122,5324.json
008759,63b17fa94a31ce4f9fcf0664de4e5637cd6683d2,5345.json
006666,c053b3ec1ecee6e3d282936ba388753fc44aef99,5374.json
003149,ae021c9412d703735b2dfe320b31235037998d5e,5375.json
005308,ddb218c65f33688337c6c97efe064abd5fdd5921,5391.json
005749,ddf2f5a3e7618560ba1d796812fe7b83fdd7427b,5402.json
009059,6358c4a73272a0428ea60403d10a5d325eb58da4,5414.json
002836,e37a176403160368286d42d02ac77e62612b8a98,5419.json
002059,fd2065f233759c4d8231349129494584b14fd08a,5421.json
005388,f0e1e3221bc872979374489e8a7032993b2e53f7,5431.json
003881,70b8e9d707695f329f464a32da9cf44d4a2f5485,5436.json
007991,65b08b9499204c6b9b028c4f4769be5aae97910c,5437.json
003941,c33e0867e04413470a8af34fff0f0ec0f322da6d,5440.json
007826,b7afbb06a073da5c3ec6b1d23d1d821582d13e82,5448.json
002779,23333a32e4e711c58fbad744c985fe9f36f13876,5452.json
006822,c4b1d91028a241bab0443cc0d409f0aac8968984,5495.json
003659,c254faef004a9747a42e69ec39351061280b9129,5553.json
001421,747dd2188f4d26a625e7eb5ce35c6b536c12bc67,5562.json
009770,9342af10ae8bcb5c7c2478d2790f32b8cbc0b164,5571.json
003760,7a2e1f91d4e0647c2a1fa1461b91f3195b45e613,5580.json
003140,289e33599f43dfd3bf62315b1ca87c05a0e47761,5625.json
007060,0a09b7008372d01e2fed5586961457a14a8f5a82,5627.json
004947,e4894af9a1d57f5ed69b1648c66aa0a15aaf9b5c,5629.json
002506,febaf2fdec19b52261f9591a1f183f84d2c58f2f,5679.json
006727,d4bcbba8a280a47deb040cb6c2d6b9c3fb3164e6,5724.json
009158,a1653b20d718333ef89a19d09fc21069652e2f63,5743.json
001562,8e2d5d414428d83376061261255a55b4fd9baf85,5748.json
009932,763cddeeee5df0493de39075c6986d376bb994c0,5820.json
002521,9d191c0169162e121fb9523a0153e510076fad56,5821.json
003838,4cc6fd63a2ffe24c339fa5f337bd4da34764adf6,5849.json
001396,a23bdac917f9f65647c2b42a4e625b5070d23624,5878.json
005523,df913403a87497fe997750c25b2fd5473a52fff3,5887.json
001304,e43c9a6aa33b6735a3db28cc1e17e43c4152e067,5893.json
003362,a0fb4a9f20b3452a54589a069bafdc306ebcc170,5912.json
004920,9ea6d56395cc1e15c00a5efbeb3e2a89d2923be4,5983.json
003134,6be9f931c31f6e0f5eaa44c492cbd186b5d1b0f8,5990.json
005149,51f4821aa15835744f9e18a5e1982b3a7e557dfd,6019.json
002658,6ecc56a4efa262e37beaad4f46a77a36e22f5c19,6027.json
006656,f55874382442d67017c5154dcf346f6e837637cc,6031.json
005596,ceee7f58eeafbafd7fd054566276c83a693f36e3,6113.json
007881,5907d9f0eddeafa29a40967aafe6efa5b7ac6735,6114.json
009036,43b3d9c77047ef2689401e8e77244530206d12a9,6116.json
005226,0da0f4dae1c2de3f34f18a4623e54b6411d56912,6164.json
002192,86f1f355f052be31fc7fac9c613e11832ebab1fc,6174.json
009481,401bec2049a98044403d94f08238ba2792a7be35,6182.json
001546,3ce06bbfa0dced7834e339c6932e993e5c0f6426,6192.json
001799,6d11f3ce7a40f4d87dee28f507117f57d3708cf5,6198.json
003433,566bd1ce515078f08ad1bd91c2baec06c3ea4947,6238.json
009043,6c5385b4abf85dc37944d98e1acf981ec8728103,6241.json
001151,06b6e2a8279feb2c6be3c3b8a2a7052df536a39a,6286.json
004141,b410ef51a9d6c9b4566b2d69b02e877500f07357,6293.json
002199,6e80faff0f7f0f1a17f4a7e78185bbff32409b94,6304.json
005218,20396a711f422075b42dde4da59cc5d3a1f391fe,6315.json
004516,ec713263a80a67abf34fa84269bc25a5115331ae,6323.json
010590,bf780dd1f0c6451ccefc282d68fd9e183ebab2a1,6342.json
002494,31da329bfbf7c248bd47880ad7e780abe8c7fd7c,6347.json
011235,9f3dcec7d7483aba7c33f30a532d9a45ad986916,6374.json
004270,1cb74e6229083d8a145bba37e7990c7105200671,6382.json
011134,1532a9b9bc04c4d6754a6313149ad54575c19167,6385.json
007158,9a5c971db8cfa2be00c9f4bd2644e6e3d5587428,6393.json
009424,3a027612d2df3fadd8a502854f043eb63f6a8ded,6407.json
006289,d17e0fb00e2c65f189687addd8ce283042d30c22,6431.json
005971,4227fe4ff70687412a6dcd830fb037114e8d5d99,6446.json
010239,9ef8de0159d987fba67911dc6595dbcf667b76e2,6495.json
001796,80c4b62473f179325602d5de85463991f0287167,6496.json
003935,f2c5101a0773cf124e56fae02a7cd2f9e12c1323,6501.json
008074,c148c5858d263cd70d8d1d1de925ed8cd7615733,6502.json
007394,7829822e79cb17ed920bb14d896f114961da3972,6503.json
001406,ff0e4d00d60b722f3b4a737f47e45c6d2482da39,6632.json
010646,1468ee5137be00db3b811dc138d4fd7708e2bf8e,6684.json
008658,87ede14d78de475446b5dfff4a7a4df2afacd2d1,6689.json
007975,74fda2f87d6f4bcac184c248d3a4755c32e7af6e,6690.json
011365,d00aba8ccab9056f8e2df5cc98d686dcce8ed420,6693.json
004480,b47b8a5d0449a28cfaea85ca77de87fd977c49a9,6766.json
006931,843569da111abc7ef83e8ae82992b458020e6e29,6803.json
005917,1611205ea7d0451fb98caffb3b31a13e8ccf643e,6810.json
002476,044c19650ec8d4d4d501045dfa9d06f38586ad3d,6811.json
004554,4dcd3007e89449101af43e269203d4a2a0951bb4,6837.json
006683,2d6449947dece18ac397bfc69120ac8079e1d8e5,6867.json
008520,d99d86db20b59d9668c99a1e41a108a43da2af71,6877.json
002732,81085096603cc528166dbe0db5a0fe5f0135171e,6894.json
011014,a8d675b7c262c0a6e1a7f4684a91accf14f7e32f,6918.json
007089,6579a1dcc1cae2a8203c8c96c56a00894450b0c1,6923.json
008519,1c4119b105df1dad90cc752e5e16a1d129f24306,6974.json
007062,1a26e244b2fac7a8f5dc8cb4a8ad78f812b60c75,7023.json
002828,2b35edd7ebb84f1253dbf3f9d25334a87ff85d23,7031.json
007862,40d244acc30955bd97848a0630f82e6e99a44f9a,7037.json
002910,582544544cd05245b336faafcfc4f33e45489644,7042.json
002020,72b3eb2d3a8ceb009ea5dd948fca55040d76bd21,7059.json
001165,41a1292df7b448aac6e3a61adf42347c1fae7864,7109.json
002955,160affa04d377e82ece1ef2c4862a79f427731ea,7121.json
005100,9437cdfeaadb3c7d88b177c97fabc1b7e8a1e217,7130.json
002983,3b8dc47341aaf9ff355c73be3fae2fde8363418f,7149.json
010416,6e5b1a240c3e9f44eb0e1a1ff77e487e0636948b,7187.json
003975,0311d8bf58432a708d9f993b9379228f994d633e,7189.json
005129,549037759ad31faf5cb6eb64c97e371f2e227ae9,7199.json
010233,7d076b5e8536e42560c009e3ffbad44b4e6350c5,7238.json
010278,19bc9011df2a47104c14debceccf9ae8f2c8d656,7243.json
008518,088378bbac8cdd59be82a3473e7413a703eeb792,7255.json
005167,72e434345e8d2ad4a6bfca16fe9f8eea9d9ff9f9,7262.json
011076,f505bb629dc0ac79f5df523c39f119efdd400854,7288.json
004306,b169d29cd66ce06091e1cf4b4c5cf7c5ee27a9fe,7290.json
010881,bd0a3c0cef3a924d16023e65c73efcd5cb843c2a,7291.json
003766,161c3f70b1c2e82574abfc9b2923aefbae1aefff,7315.json
009969,dce1580f3a2630564b7cbad90216ed75a00318cf,7326.json
006126,1ebd99023ef19afaa09e9be11458027e140fc00d,7379.json
002560,cad6a4bde24b000a645cef663b5480e9a47b2d14,7388.json
004225,6ab64ca3a335bb676d65862c5b262b8e3ea0246a,7411.json
009991,3e3439c04b5240bb96865d2e4a5fd90dac9fbec7,7425.json
003442,9d5a64da66af5afceb41bcd19b9d903d5de3616e,7498.json
006274,1f2ac12ffd89a48294f29eb66da74eeb33e2f22c,7512.json
005444,56a979dbdca5ca1d11f3cc66c33a02d791556476,7547.json
008025,371e836ef670ce48b60ff3f34ba6af710f0ea66d,7597.json
005991,758ad2aae6dfa0a86954f9c169682df21346993f,7627.json
004479,a18c37e807474697ada2cdff4a72598ddd00d48e,7632.json
003869,aabbcb53318e06d0b32fbc28b493fbd327966990,7650.json
006891,393effce11ef16606783dceea19502b3837bcca2,7670.json
001894,944761607caf9a9cd76b3dd27db8d6cd67cbf5bd,7732.json
001194,5eddd5fe678bb88131fadfe43fb6656cc1d03e89,7760.json
003627,5c31a5ebc2d3742333f5039995bad38b9e827fce,7771.json
008854,905717790ff8c918f78decbeeddbfdef38d4ec8e,7772.json
009153,b39372498c017faee07d9369dc60c9b4fc44169d,7782.json
010930,b5e4b884c8d14260a92adde76c4a13461d28c273,7794.json
008248,1d788438fd4f21709b8daf3a11b598b86f5a098f,7799.json
001588,f6172a1e869f9a709401cad64d7c10dd435f7328,7835.json
007098,48cc25d1b938315a08c984829a2c8cc6757e563a,6747.json
003192,dcffe5ade9b0fc0e458e9ae219e4ef494827d302,7875.json
003035,bc77cf21f36d3e1f9137262dd647975598ee9582,7879.json
008190,c55d98bb506154144fe93b21431d99767830c5f7,7885.json
003878,37e91b63892f1219123418b8bac6c92aae3bf89b,7900.json
005693,68d6d194be629e10834fe4d945533952cf22ebb6,7909.json
002475,32e732ea98f815b7db95162bf0c5a2e798d55cd6,7917.json
008444,eea9eae2df034ef3eb2f4f20f85e3aad3b77b4fb,7946.json
009275,d0767fea90582730ca907752985b0bf15f0aeb99,7973.json
003334,75dd2fb337f8fe5ad23f5bd8740c20d5e0c534c9,7999.json
009332,cb3b765dd4b15df8236e07052bc2a8c08a3a1704,8030.json
001505,d2d23c3f91356101f11b1e8eac125cf6c5947919,8068.json
008423,af332c8234c8ca3fb289b0566b65f17dd4a06236,8077.json
006973,75681709a16112ae256c9474a0f3ac00a74a2dde,8096.json
003305,28de25d136bf8f9e26e46533b28fe9d8362c5a1e,8113.json
009075,5c0000c2d4d327f62fbee252d4c749dc05c3adef,8123.json
008039,f295807c803a106d5b3727cdb1c829dcb00c79d7,8124.json
009338,bf9b573c9925be3f13ffbc9b36b5c12513aaa0a6,8141.json
011146,708dd3f80b57970e265ae0a5f1512bdce7169b8c,8143.json
006120,77a688cb95a09821435f133adb1c6e26ec3274a5,8149.json
006405,aeacd5382d012ff08674d5888e54f09b82a0d8a6,8151.json
008872,f0976e50cbddfade2d0fa64b7b3ba67bf544215b,8172.json
003349,fe308570d5a77f3eef0867cdc48a128cfdd94937,8173.json
001697,147e05e04fe469772c22fe314181cded882930fa,8175.json
003805,f52718800a02b0f176de655d85ff7f2eb0cd5f18,8183.json
001507,3b04b841c46d24717b4a1d2ad648e8f6bc437a3e,8191.json
010432,09f73b87e1548f38292313a74c1d017c7c31112c,8193.json
006462,2cbca31fca6467fcc9353ce6d61dd84a2b27b836,8200.json
010553,55c44fe5af2a2f9c58313f783cea56d885a6f0d0,8262.json
006402,b83886e4f8d257524130d105337ec7f10d865a3f,8300.json
003772,e26dae7fcb3e2b9b2c5ddcfc08c4ab5886c702e5,8314.json
005880,271b0c02fa7873d1e3503bf1f5a3fcb199f6434f,8338.json
002995,34bab7a531230f561b61da7d3b732b40b70c192d,8346.json
008234,a879cdcca6db1bd34ca562abb556ae7803297126,8365.json
007603,b1f9e3f886052acfa30dd1ff4dc5bda282b734e6,8375.json
002773,28fbcddb595de889dd73444c32cae74fc849c409,8411.json
008152,c055318ca97bbbb7029675d8b01f0a0d6e0d8569,8413.json
001381,0cb7d3be90021e41a86f821eac2532b1be640247,8438.json
003646,eb7f066db561c9230940fcf74fd1582295be38c9,8497.json
011344,dbf3f941542f03d614c74021f67c394ee7461131,8502.json
005612,716f9547c35193f27f2b8d6f4e4d4f899eda17c2,8555.json
002179,617bdf940ce3ba4b8d08055ac6db568a8a9e8c9c,8598.json
005659,7a48295ebe332b8cc04488b821be7467fcdc4252,8650.json
005195,b6346fed566263ea4bdc560c07c193318d02c47e,8651.json
010183,5a3cf99f0f9f1ffbb9fc05f16fcee78c03238e1f,8665.json
007370,ebfdc43bca35d1c71a991e62995ea24fad4993f5,8669.json
009234,21c57af18d698b8e79373c1467b2e8b98d9f3496,8690.json
001852,edccd6c9209621f949c6aadff7e5e94a07ae427e,8707.json
006541,2688e81f5b506bfdc1a2fd2dbdd8783db56db277,8736.json
009982,94319b0d527b31f7ceee870d92a3e8f6bafb248e,8747.json
007190,0bb1f7f0f98331540f54f28416feff3ca5f259fb,8786.json
004592,040cea8c68c77af73671d3bc3492c261b79255db,8797.json
006023,3da4c2801fcc709c0e67304966447e643b8c9b69,8804.json
006266,316493557aaa8fa9204133dd6fbf3b10cb1aa394,8808.json
006079,58c444a0dacaa95c32fbd432281590ddf40385ef,8850.json
005137,0ff4f9543d4cadd92066574bbdde87e9d7572f3e,8856.json
006665,2607c6ff3d38e8c8f80f0ed7c4a1c53b9bf3045e,8881.json
001711,798c00be56cb0e6701c3a702bc9a7ced155c695a,8884.json
003827,e9bb2a697d7ce04e3531e82cd33b56bf82c42563,8898.json
009120,7149bfe70d4e5ddcb92b0687e713f568f6f74764,8925.json
006493,833a532e21351580b27287667977328cd7342af1,8929.json
002692,f4022ba5e89cb1cd269564323c346c40966529fe,8940.json
009412,9fa4f200eceec1892c649aa9acf2d0016fbaab76,8941.json
009813,2715de875f50715b8edf9b8a1664f0e51ee96f25,8965.json
009146,663a521a5cff3e944178e993d450f63b5acb099b,8984.json
009784,833206678fc8081898b0441d35170a904ad824ee,8992.json
010650,5de4dd6f1c851137f0362f81cf67da88e389c935,9007.json
006073,f44c6c7c717458d75d5ea87769272d82c2a0420e,9075.json
011053,521adb4ef8e6aeeda418400adc14a0f9f3ee4e18,9157.json
006934,04e532ce3d049d1aa35c63b3d546f9d38e5b0718,9185.json
003083,b243e2061cadf0612271aa4ea60868f8b25c9482,9189.json
006115,edf9fab3c848c18ad25478d3f6578811709468f4,9190.json
008261,f925a887e7f16a7fbd8a7037109bf6884850058f,9215.json
007136,bb0d2ac342a86544b38da9fd31bfcb560c722f0a,9241.json
011314,8e6d42b11b5d8d69fea4b3310fa032b427da0117,9263.json
004190,a6b4baf627ccbda700400f0f1560bf5068428e57,9286.json
006469,143d0b4d6dee5c43b38fbbd2b3b6584a71aba6f8,9304.json
003953,0b29a35cbffd967a952f6fd873abf0d85c77a803,9309.json
008325,9d4fed7ef0dbfaa2c8f511f9a253701b4128ac91,9312.json
007020,3f87b31923a09bf2248f7b3bc3303bb0c9ebdbe4,9329.json
004599,141da30c16f7307f31f885e81e9354540cdb797b,9382.json
008294,da645b6de7f2f0b4d96b7b5dab962540d78d6aad,9383.json
007759,161f5a7187e82137cae848c36864f1f93c7759ed,9448.json
002701,63d37be7efeb6b0d321e268babd06259c0f91448,9457.json
002562,8cff9d18d04ea583c4062ac4003b31679ca7885c,9482.json
008581,93cd4599175c34bb71c7fc87c8015dbfb6beb8f6,9487.json
005846,985f4078b261f38b56771fb43d45fb60071cc245,9499.json
003194,3a07c5ce6c217aee376b2a75b7ad28766740fb8a,9508.json
004323,700aaeefabdcfb94bde999f6023b11657773f105,9516.json
011267,322ac8a77f084124694daf957e80521458f5f7a0,9545.json
001907,f20eb1c1e1a53c776ebcdc8eedfb011409262f67,9558.json
003347,a7d40c19e8dfa97a741ec150344814c2c59ba13c,9567.json
008129,2e40e0934ddea160f27c07b6f03c7f9001832dda,9599.json
004856,73ac359e4392296f226b38585eb439fb31a331b4,9612.json
007766,f90e8108d889b4cae42c719a3a6682a0ce650eea,9614.json
006884,3a1681ddde8420d3a7f8a5f49a3be3833f54a98c,9616.json
001782,70d9d7870cbcd0040db12628b3b5e73707e521fa,9634.json
010458,51a84bea8145f606ec6c1fa77182c6a2dbeec91d,9721.json
003700,d39dbd1ed5e158f5d7dcbca47b265631e00a784c,9723.json
005241,8aca466ef683fa0e959d52ecc56d1aaa838826a0,9737.json
003398,d42a1a7a00c0fd1e60c825510852a53272430924,9745.json
006862,e3ef3bdf6ae5bb983cfa33a55a2af8929966cf18,9748.json
004522,ed64d55012fa2986d18bc666eecca5737724a06b,9764.json
002270,663fd0a58e83c94bfe70d97bbe6a53094f1ae9c0,9788.json
009557,71cfa34d7c8d2acd4244817fe963343b12e51928,9791.json
005063,50fa445889f3f7b38f35460f350b8dc041ebef01,9796.json
006271,31a8ee43766fdfdd0784f398dd970280a5d58537,9808.json
008322,7d344f7e7a8ac27aa9a1d8bce3b4856be5c44f1f,9810.json
001110,a0ac51e57691263ed5233b671cb294a3bb773236,9845.json
007553,0146b7ba2ee159b34e5814637cc8d3f0c3b44e3a,9853.json
002676,0b00679f572fa8336ca8c4062b48a22c5243f6eb,9854.json
004520,e9ea1888256a911394c30959d7b6a506f9f6d7a8,9885.json
001142,a550c298e429b75dbb02c990177e133a38b79b26,9893.json
006640,55632e3eb5d36fb0e1bfcc78bd1b1506d569d340,9905.json
005395,871afff0f211d207ad8174580b0c5f6210619929,9941.json
010679,22bac2d0a0b3edd2d9082c35089c4fac15d07d5a,9944.json
004896,596382734b3ab8dd717aec845ab452359b1398d3,9951.json
002005,fd6cc7400d363d511461a074d36cfd0d3fa8a874,9955.json
001874,69db364523ac69db8dc126029d611ebad20bf3f4,9964.json
010765,5b7d116f65a70fd65c2ca976c570dd874d9416e4,9975.json
010341,e5c455021b7ab0c051024d734c7805beb067fb8f,9986.json
005221,a43a235bdb34975dd0ae1389d6707e0c4641d7af,9987.json
002407,f72388fd781bb6e3ba70340fff1b1479aa81c228,9988.json
001724,d43dfa1d1b68d8dbcadbd0f2d1ceae62c4759db6,10003.json
004378,bee097b4d974e0169fe48b9fc864d4c70a40da1e,10013.json
011361,40f45f768f7468726ce0385faf41f917060ec59d,10052.json
007886,be6cfc627da8c230031b3c987cbc560801e7f615,10055.json
003943,389a51b3d320208d2cfd9997599abc6f103cab60,10075.json
005666,f4d2be883ae79d836a9816396550cb33c8d3e955,10125.json
003323,e5a68bd930e9bc728d0ac620d1b600e75845136e,10154.json
007719,a936125fe6b75dc2ceda3f776c70fc767ee5ec8c,10167.json
008870,85dd3e8200780f847a5a883761170ba92e153564,10180.json
003307,8ebf0110226658e03af9772f3c0c2479c2a3df7d,10196.json
010929,d093d988ba09940c73f8a793a159f8eadefa4882,10197.json
008532,76faa51c29068226495bdaf2d928f176e7d3b8f5,10220.json
002544,d9b956babeaa212c4d7290597e7e3c86c107e9b6,10222.json
002711,3b26f417b39f0fffe6368ec9610a7488283c5dc8,10228.json
009749,4be636b1917d3dacf154977664230e46a026a858,10344.json
003311,d560c51e6e2e1d8e0ea94086d2d316fa7f46a1d4,10369.json
007729,d7f443e1be914233dec777878630a6fa106e708b,10425.json
006041,95b4d252f984a2f8cb22ec6a065b34508f189a5d,10446.json
004644,c6dc9126943825c415dc549dcaa3c13978159d4b,10452.json
006178,9d011829ee0299052af21063d282e1218bb2f7ae,10459.json
003040,f15b6b2708adde86aabeea3844a5d9d7b04d9479,10482.json
003812,dfd32f9ceb47641e68df72b0a250a87ffc8dad53,10492.json
008181,97341e6a10a42f06a1039ce46ed5064a7ce0de62,10529.json
004875,eff285736b43c40064c806f89f20680daab64dac,10550.json
008924,c541104992806968cafcef014a7de68547b19dc7,10563.json
004116,7f1cae0524186c4fd68cfd0185c91c0cd7709ea5,10568.json
007906,5db64406862af565b90f584e94883ee8fb4c2ece,10570.json
010983,152b05bb0925096129a150a3f87d61be7e6920ec,10573.json
006902,6f9118ac1c7481ac4ff1d99d98b482019951935d,10203.json
001758,bc671e61e8e108a6dc9f8a802f437ca75de07026,10596.json
004895,3a1e0d107b1d59dc0ed9c6279a1be0f5e404e221,10674.json
007329,be5939aa3a8376c58a09523bbc10f4d62b4c92e0,10684.json
006106,1118e6e5d9c3874c4f7b12164222a45989263e2f,10705.json
002501,545aa2534d42b7da3eb0ec655acb0d02ade9b3d2,10745.json
006652,2b9c81a386d9ed427871391433308fa7ab378027,10823.json
006871,61c1edef75853847dd871b9a26afb0f54bfdfdaa,10841.json
003566,18996502aa2525c0aa08d3c5f974ca4277ef0dba,10860.json
004049,bccd68fa64d69953885e64d5ec52fcf1fca817c3,10882.json
011381,404ecfda498760f08f6c31f4ba2773e42ded3dcb,10927.json
004581,e35c5ef20851414209249f7eb4a94443dcc92489,10930.json
008688,4704130bb6cc415e1f7e50b4125738115c34468c,10938.json
007531,051db270afc32571a08c15124330efe89d80fea8,10964.json
006570,b773c7f158aedc2c3fcefecbe7a4970902a01958,10976.json
003081,c34d454f4dbb48fad64b591c4523855f4708179a,10993.json
011141,12b389771d90e35691d8f6082421c66fedf2919e,11003.json
008090,e5dff5bae7ca1f5edc508889bbdead49380dad5f,11016.json
005941,8d71eb8e9c4e2d371aa2ec68bb2e8ba4d1791bdd,11018.json
005108,25293b7995528f65cf2783a3046ea4494f7f8d81,11044.json
008050,28bfbbf9bc96431fdd95e0c2c2f9b9cad1263fe9,11053.json
008595,72148a863d465a776592f58708262fdc8c38fa4f,11073.json
001985,7cee65d7accdda886e2d9d2a2b7d02e3af72e41d,11077.json
001193,4ca60cfb65defe2e57c22da9bec17ecb77783844,11099.json
002263,54e2ed10202f6186345af3048073036de7743010,11102.json
007920,7ffd2d2e09f254640410467f8493572188ed72a7,11117.json
008563,55f2025154bee234dde49693138da15b907ee0f6,11119.json
006101,5d10dbc72f20af1acc668e50394592fe3065b843,11141.json
001872,57c60cb28725755f4feaacd049db8e36ee39b29c,11143.json
008197,4d1f7b12a3bc3dcda2bf0da7644ffe38439fda81,11165.json
010761,0b3065f62db03416c01b0bc8d87a03add5402070,11170.json
006808,7c053f1b077c42005b4fb0171dc7c12350e1e96f,11176.json
005212,73aa0baee7fb283e99a84ffe893cb162b9727c9b,11181.json
006419,a198b38c210f5eefc1ba89a396be01e386aa5ecc,11218.json
005296,f4533a4b2f8182eca1bfabcea0c4ec701450a1ca,11228.json
003335,1dfc9d8041873bc36b5ffc4ea6ef344cd39cd2e1,11271.json
002797,2769230ee5e895ed80a151c9085afa8281ea1fcf,11308.json
002740,832b6d3a88cd4aa703f98a5294b43a501c871b03,11316.json
002609,7cf05b7804301b6e7288e1e20fdd4bd8e996a968,11333.json
006293,8b07bd65175809d5457191cc3fa985b9e79ab978,11337.json
009429,f2585a9406b45744f8c8bd6fec5c5803113d92d7,11342.json
008156,e165931f9f79b876b020c535ac7bf48a2b6b5f4f,11370.json
009058,7916d458a1b2ad7c1c89fa54a6e54f0a3c9e70e2,11397.json
005670,3572dee55c511d5fd647c1bec89dd866d4ea8644,11401.json
001620,3d6c3f8e7ed92d4f34fbe3ef2c7913c7df708960,11479.json
005753,751d8494c6daa18b6ac493a07e713b95819dab6d,11480.json
